"ann","","o'hare","ann o'hare","f","pubmed"
"maurice","","ohayon","maurice ohayon","m","pubmed"
"suzanne","","ohmit","suzanne ohmit","f","pubmed"
"kanu","","okike","kanu okike","m","pubmed"
"susan","","oliveria","susan oliveria","f","pubmed"
"douglas","","olson","douglas olson","m","pubmed"
"john","","o'meara","john o'meara","m","pubmed"
"saad","","omer","saad omer","m","pubmed"
"heyder","","omran","heyder omran","m","pubmed"
"cheryl","","oncken","cheryl oncken","f","pubmed"
"peck","","ong","peck ong","m","pubmed"
"marcus","eng","ong","marcus eng ong","m","pubmed"
"bregje","","onwuteaka-philipsen","bregje onwuteaka-philipsen","f","pubmed"
"jan","jelrik","oosterheert","jan jelrik oosterheert","m","pubmed"
"trevor","","orchard","trevor orchard","m","pubmed"
"anath","","oren","anath oren","f","pubmed"
"gretchen","","orosz","gretchen orosz","f","pubmed"
"ragnhild","","ørstavik","ragnhild ørstavik","f","pubmed"
"denise","","orwig","denise orwig","f","pubmed"
"eric","","orwoll","eric orwoll","m","pubmed"
"david","","ost","david ost","m","pubmed"
"george","","ostapowicz","george ostapowicz","m","pubmed"
"truls","","ostbye","truls ostbye","m","pubmed"
"jan","","ostermann","jan ostermann","m","pubmed"
"glenn","","ostir","glenn ostir","m","pubmed"
"geraldine","","o'sullivan","geraldine o'sullivan","f","pubmed"
"kenneth","","ottenbacher","kenneth ottenbacher","m","pubmed"
"jennifer","","otten","jennifer otten","f","pubmed"
"amy","","oxentenko","amy oxentenko","f","pubmed"
"madhukar","","pai","madhukar pai","m","pubmed"
"frank","","palella","frank palella","m","pubmed"
"suetonia","","palmer","suetonia palmer","f","pubmed"
"scott","","palmer","scott palmer","m","pubmed"
"tullio","","palmerini","tullio palmerini","m","pubmed"
"paul","","palumbo","paul palumbo","m","pubmed"
"katherine","","panageas","katherine panageas","f","pubmed"
"jack","","paradise","jack paradise","m","pubmed"
"iyer","","parameswaran"," iyer parameswaran","m","pubmed"
"antoine","","pariente","antoine pariente","m","pubmed"
"jean","jacques","parienti","jean jacques parienti","m","pubmed"
"yong-woo","","park","yong-woo park","m","pubmed"
"yikyung","","park","yikyung park","f","pubmed"
"catriona","","parker","catriona parker","f","pubmed"
"roeline","","pasman"," roeline pasman","f","pubmed"
"patrick","","pasquina","patrick pasquina","m","pubmed"
"harvey","","pass","harvey pass","m","pubmed"
"dharmintra","","pasupathy","dharmintra pasupathy","m","pubmed"
"taral","","patel","taral patel","m","pubmed"
"amit","","patel","amit patel","m","pubmed"
"debora","","paterniti","debora paterniti","f","pubmed"
"carrie","","patnode","carrie patnode","f","pubmed"
"gregory","","pattakos","gregory pattakos","m","pubmed"
"christopher","","patterson","christopher patterson","m","pubmed"
"edward","","patz","edward patz","m","pubmed"
"marianne","","pavel","marianne pavel","f","pubmed"
"behzad","","pavri","behzad pavri","m","pubmed"
"nina","","paynter","nina paynter","f","pubmed"
"sue","","pedersen","sue pedersen","f","pubmed"
"deborah","","peikes","deborah peikes","f","pubmed"
"fabio","","pellegrini","fabio pellegrini","m","pubmed"
"michael","","pencina","michael pencina","m","pubmed"
"anne","","pereira","anne pereira","f","pubmed"
"mark","","pereira","mark pereira","m","pubmed"
"rogelio","","perez-padilla","rogelio perez-padilla","m","pubmed"
"esteban","","pérez-rodríguez","esteban pérez-rodríguez","m","pubmed"
"trish","","perl","trish perl","f","pubmed"
"adam","","perlman","adam perlman","m","pubmed"
"stephen","","persell","stephen persell","m","pubmed"
"john","victor","peter","john victor peter","m","pubmed"
"thomas","","peterman","thomas peterman","m","pubmed"
"barry","","peters","barry peters","m","pubmed"
"jaime","","peters","jaime peters","f","pubmed"
"ronald","","petersen","ronald petersen","m","pubmed"
"janey","","peterson","janey peterson","f","pubmed"
"pamela","","peterson","pamela peterson","f","pubmed"
"wilco","","peul","wilco peul","m","pubmed"
"hoangmai","","pham","hoangmai pham","f","pubmed"
"paul","","pharoah","paul pharoah","m","pubmed"
"andrew","","phillips","andrew phillips","m","pubmed"
"michael","","phillips","michael phillips","m","pubmed"
"werner","","pichler","werner pichler","m","pubmed"
"perry","","pickhardt","perry pickhardt","m","pubmed"
"luc","","piérard","luc piérard","m","pubmed"
"john","","piette","john piette","m","pubmed"
"anouk","","pijpe","anouk pijpe","f","pubmed"
"paul","","pilkington","paul pilkington","m","pubmed"
"mark","","pimentel","mark pimentel","m","pubmed"
"rafael","zambelli","pinto","rafael zambelli pinto","m","pubmed"
"munir","","pirmohamed","munir pirmohamed","m","pubmed"
"margaret","","pisani","margaret pisani","f","pubmed"
"tobias","","pischon","tobias pischon","m","pubmed"
"kaisu","","pitkala","kaisu pitkala","f","pubmed"
"isabelle","","pitrou","isabelle pitrou","f","pubmed"
"bertram","","pitt","bertram pitt","m","pubmed"
"david","","planer","david planer","m","pubmed"
"johannes","","plank","johannes plank","m","pubmed"
"mark","","pletcher","mark pletcher","m","pubmed"
"sabine-gisela","","plötz","sabine-gisela plötz","f","pubmed"
"katherine","","poehling","katherine poehling","f","pubmed"
"robert","","post","robert post","m","pubmed"
"shelley","","potter","shelley potter","f","pubmed"
"jerry","","powell","jerry powell","m","pubmed"
"benjamin","","powers","benjamin powers","m","pubmed"
"paolo","","prandoni","paolo prandoni","m","pubmed"
"ross","","prentice","ross prentice","m","pubmed"
"matthew","","press","matthew press","m","pubmed"
"richard","","prince","richard prince","m","pubmed"
"monique","","prinssen","monique prinssen","f","pubmed"
"allan","","prochazka","allan prochazka","m","pubmed"
"philippe","","prokocimer","philippe prokocimer","m","pubmed"
"paul","","pronyk","paul pronyk","m","pubmed"
"sarah","","lewington","sarah lewington","f","pubmed"
"adria","tassy","prosser","adria tassy prosser","f","pubmed"
"veerle","","provoost","veerle provoost","f","pubmed"
"roman","","prymula","roman prymula","m","pubmed"
"ching-hon","","pui","ching-hon pui","m","pubmed"
"christian","","putensen","christian putensen","m","pubmed"
"rehan","","qayyum","rehan qayyum","m","pubmed"
"qibin","","qi","qibin qi","m","pubmed"
"xian","","qi","xian qi","m","pubmed"
"ping","","qin","ping qin","m","pubmed"
"lyn","","quine","lyn quine","f","pubmed"
"james","","quinn","james quinn","m","pubmed"
"nadeem","","qureshi","nadeem qureshi","m","pubmed"
"klaus","","rabe","klaus rabe","m","pubmed"
"marsha","","raebel","marsha raebel","f","pubmed"
"gilbert","","raff","gilbert raff","m","pubmed"
"james","","raftery","james raftery","m","pubmed"
"mahboob","","rahman","mahboob rahman","m","pubmed"
"najib","","rahman","najib rahman","m","pubmed"
"timothy","","rainer","timothy rainer","m","pubmed"
"greta","","rait","greta rait","f","pubmed"
"anita","","raj","anita raj","f","pubmed"
"olaide","","raji","olaide raji","m","pubmed"
"christopher","","ramsden","christopher ramsden","m","pubmed"
"thomas","","rasmussen","thomas rasmussen","m","pubmed"
"wolfgang","","rathmann","wolfgang rathmann","m","pubmed"
"rainer","","rauramaa","rainer rauramaa","m","pubmed"
"wayne","","ray","wayne ray","m","pubmed"
"eric","","raymond","eric raymond","m","pubmed"
"annette","","reboli","annette reboli","f","pubmed"
"diane","","reddy","diane reddy","f","pubmed"
"susan","","redline","susan redline","f","pubmed"
"mathew","","reeves","mathew reeves","m","pubmed"
"gordon","","reeves","gordon reeves","m","pubmed"
"stephan","","reichenbach","stephan reichenbach","m","pubmed"
"ian","","reid","ian reid","m","pubmed"
"david","","reid","david reid","m","pubmed"
"john","","reilly","john reilly","m","pubmed"
"david","","rein","david rein","m","pubmed"
"ben","","reis","ben reis","m","pubmed"
"christiane","","reitz","christiane reitz","f","pubmed"
"raoul","","reulen","raoul reulen","m","pubmed"
"sandra","","reuter","sandra reuter","f","pubmed"
"harmony","","reynolds","harmony reynolds","f","pubmed"
"karin","","rhodes","karin rhodes","f","pubmed"
"brent","","richards"," brent richards","m","pubmed"
"philip","","riches","philip riches","m","pubmed"
"sharon","","riddler","sharon riddler","f","pubmed"
"paul","","ridker","paul ridker","m","pubmed"
"rixt","","riemersma-van der lek","rixt riemersma-van der lek","f","pubmed"
"judith","","rietjens","judith rietjens","f","pubmed"
"john","","rigg","john rigg","m","pubmed"
"lawrence","","riggs"," lawrence riggs","m","pubmed"
"marc","","righini","marc righini","m","pubmed"
"ephraim","","rimon","ephraim rimon","m","pubmed"
"gregory","","robbins","gregory robbins","m","pubmed"
"lesley","","roberts","lesley roberts","f","pubmed"
"tracy","","roberts","tracy roberts","f","pubmed"
"james","","roberts","james roberts","m","pubmed"
"laura","","robertson","laura robertson","f","pubmed"
"andrew","","robinson","andrew robinson","m","pubmed"
"cassianne","","robinson-cohen","cassianne robinson-cohen","f","pubmed"
"mike","","robling","mike robling","m","pubmed"
"nicolas","","rodondi","nicolas rodondi","m","pubmed"
"laura","","rodrigues","laura rodrigues","f","pubmed"
"juan","","llibre rodriguez","juan llibre rodriguez","m","pubmed"
"josanna","","rodriguez","josanna rodriguez","f","pubmed"
"gema","","rodríguez-trigo","gema rodríguez-trigo","f","pubmed"
"mary","","rogers","mary rogers","f","pubmed"
"david","","rojas-rueda","david rojas-rueda","m","pubmed"
"mary","","roman","mary roman","f","pubmed"
"antonino","","romano","antonino romano","m","pubmed"
"guglielmo","","ronco","guglielmo ronco","m","pubmed"
"annemieke","","roos","annemieke roos","f","pubmed"
"jonathan","","rosand","jonathan rosand","m","pubmed"
"peter","","rose","peter rose","m","pubmed"
"natalie","","rose","natalie rose","f","pubmed"
"antoni","","rosell","antoni rosell","m","pubmed"
"julio","","rosenstock","julio rosenstock","m","pubmed"
"meredith","","rosenthal","meredith rosenthal","f","pubmed"
"victor","","rosenthal","victor rosenthal","m","pubmed"
"lone","","ross","lone ross","f","pubmed"
"joseph","","ross","joseph ross","m","pubmed"
"christine","","roth","christine roth","f","pubmed"
"michael","","rothberg","michael rothberg","m","pubmed"
"russell","","rothman","russell rothman","m","pubmed"
"jeffrey","","rothschild","jeffrey rothschild","m","pubmed"
"john","","routes","john routes","m","pubmed"
"rianne","","rozendaal","rianne rozendaal","f","pubmed"
"haya","","rubin","haya rubin","f","pubmed"
"hanna","bloomfield","rubins","hanna bloomfield rubins","f","pubmed"
"diana","","rucker","diana rucker","f","pubmed"
"igor","","rudan","igor rudan","m","pubmed"
"alicja","","rudnicka","alicja rudnicka","f","pubmed"
"luis","miguel","ruilope","luis miguel ruilope","m","pubmed"
"andrew","","rule","andrew rule","m","pubmed"
"mark","","rupp","mark rupp","m","pubmed"
"minna","","rusanen","minna rusanen","f","pubmed"
"frank","","ruschitzka","frank ruschitzka","m","pubmed"
"louise","","russell","louise russell","f","pubmed"
"george","","rust","george rust","m","pubmed"
"paul","","rutgeerts","paul rutgeerts","m","pubmed"
"eduardo","","saad","eduardo saad","m","pubmed"
"david","","saadoun","david saadoun","m","pubmed"
"jane","","saczynski","jane saczynski","f","pubmed"
"kyan","","safavi","kyan safavi","m","pubmed"
"monika","","safford","monika safford","f","pubmed"
"debasish","","saha","debasish saha","m","pubmed"
"saroj","","saigal","saroj saigal","f","pubmed"
"eila","","sailas","eila sailas","f","pubmed"
"sameer","","saini","sameer saini","m","pubmed"
"toshikazu","","saito","toshikazu saito","m","pubmed"
"jordi","","salas-salvadó","jordi salas-salvadó","m","pubmed"
"faouzi","","saliba","faouzi saliba","m","pubmed"
"shelley","","salpeter","shelley salpeter","f","pubmed"
"daniel","","salter","daniel salter","m","pubmed"
"carlo","","salvarani","carlo salvarani","m","pubmed"
"charles","marc","samama","charles marc samama","m","pubmed"
"william","","sandborn","william sandborn","m","pubmed"
"gillian","","sanders","gillian sanders","f","pubmed"
"manjinder","","sandhu","manjinder sandhu","m","pubmed"
"taylor","","sandison","taylor sandison","m","pubmed"
"alan","","sandler","alan sandler","m","pubmed"
"prachi","","sanghavi","prachi sanghavi","f","pubmed"
"jitender","","sareen","jitender sareen","m","pubmed"
"peter","","sasieni","peter sasieni","m","pubmed"
"yoshihiro","","sato","yoshihiro sato","m","pubmed"
"pierre-yves","","scarabin","pierre-yves scarabin","m","pubmed"
"matthew","","scarborough","matthew scarborough","m","pubmed"
"nikolaos","","scarmeas","nikolaos scarmeas","m","pubmed"
"richard","","schacterle","richard schacterle","m","pubmed"
"sean","","schafer","sean schafer","m","pubmed"
"debra","","schaumberg","debra schaumberg","f","pubmed"
"elizabeth","sumamo","schellenberg","elizabeth sumamo schellenberg","f","pubmed"
"georg","","schett","georg schett","m","pubmed"
"gordon","","schiff","gordon schiff","m","pubmed"
"giuseppe","","schillaci","giuseppe schillaci","m","pubmed"
"mark","","schleinitz","mark schleinitz","m","pubmed"
"kathryn","","schmitz","kathryn schmitz","f","pubmed"
"lon","","schneider","lon schneider","m","pubmed"
"eric","","schneider","eric schneider","m","pubmed"
"jeffrey","","schnipper","jeffrey schnipper","m","pubmed"
"lisette","","schoonhoven","lisette schoonhoven","f","pubmed"
"john","","schousboe","john schousboe","m","pubmed"
"henrike","","schouten","henrike schouten","f","pubmed"
"martin","","schrappe","martin schrappe","m","pubmed"
"christoph","","schroeder","christoph schroeder","m","pubmed"
"sam","","schulman","sam schulman","m","pubmed"
"julie","","schultz","julie schultz","f","pubmed"
"jeremiah","","schuur","jeremiah schuur","m","pubmed"
"lisa","","schwartz","lisa schwartz","f","pubmed"
"mark","","schwartz","mark schwartz","m","pubmed"
"jennifer","","schwartz","jennifer schwartz","f","pubmed"
"thomas","","schwarz","thomas schwarz","m","pubmed"
"jeffrey","","schwimmer","jeffrey schwimmer","m","pubmed"
"benjamin","","scirica","benjamin scirica","m","pubmed"
"anthony","","scott"," anthony scott","m","pubmed"
"anne","","scoular","anne scoular","f","pubmed"
"malcolm","","sears","malcolm sears","m","pubmed"
"leonardo","","sechi","leonardo sechi","m","pubmed"
"johanna","","seddon","johanna seddon","f","pubmed"
"gilda","","sedgh","gilda sedgh","f","pubmed"
"art","","sedrakyan","art sedrakyan","m","pubmed"
"diane","","seibert","diane seibert","f","pubmed"
"jennifer","","seida","jennifer seida","f","pubmed"
"elodie","","sellier","elodie sellier","f","pubmed"
"elizabeth","","selvin","elizabeth selvin","f","pubmed"
"richard","","semba","richard semba","m","pubmed"
"srijan","","sen","srijan sen","m","pubmed"
"hsien","","seow","hsien seow","m","pubmed"
"thomas","","sequist","thomas sequist","m","pubmed"
"sudha","","seshadri","sudha seshadri","f","pubmed"
"howard","","sesso","howard sesso","m","pubmed"
"arathi","","setty","arathi setty","m","pubmed"
"jane","","seward","jane seward","f","pubmed"
"justin","","sewell","justin sewell","m","pubmed"
"nancy","","shadick","nancy shadick","f","pubmed"
"mary-ann","","shafer","mary-ann shafer","f","pubmed"
"robert","","shafer","robert shafer","m","pubmed"
"jignesh","","shah","jignesh shah","m","pubmed"
"rahman","","shah","rahman shah","m","pubmed"
"vahakn","","shahinian","vahakn shahinian","m","pubmed"
"tatyana","","shamliyan","tatyana shamliyan","f","pubmed"
"seetha","","shankaran","seetha shankaran","f","pubmed"
"leena","","sharma","leena sharma","f","pubmed"
"gulshan","","sharma","gulshan sharma","f","pubmed"
"trisha","","shattuck","trisha shattuck","f","pubmed"
"sharon","","sheehan","sharon sheehan","f","pubmed"
"ellen","","sheehy","ellen sheehy","f","pubmed"
"karen","","sherman","karen sherman","f","pubmed"
"andrew","","sherwood","andrew sherwood","m","pubmed"
"meredith","","shiels","meredith shiels","f","pubmed"
"henry","","shinefield","henry shinefield","m","pubmed"
"cathy","","shipman","cathy shipman","f","pubmed"
"yasushi","","shiratori","yasushi shiratori","m","pubmed"
"sushmita","","shivkumar","sushmita shivkumar","f","pubmed"
"michael","","shlipak","michael shlipak","m","pubmed"
"kaveh","","shojania","kaveh shojania","m","pubmed"
"molly","","shores","molly shores","f","pubmed"
"jacqueline","baras","shreibati","jacqueline baras shreibati","f","pubmed"
"ashfaq","","shuaib","ashfaq shuaib","m","pubmed"
"jeffrey","","shuhaiber","jeffrey shuhaiber","m","pubmed"
"irene","","shui","irene shui","f","pubmed"
"asra","","siddiqui","asra siddiqui","f","pubmed"
"davinder","","sidhu","davinder sidhu","m","pubmed"
"john","","sievenpiper","john sievenpiper","m","pubmed"
"alice","","sigurdson","alice sigurdson","f","pubmed"
"sigmund","","silber","sigmund silber","m","pubmed"
"danielle","","silverman","danielle silverman","f","pubmed"
"camelia","","sima","camelia sima","f","pubmed"
"edgar","","simard","edgar simard","m","pubmed"
"mark","","simmonds","mark simmonds","m","pubmed"
"gérald","","simonneau","gérald simonneau","m","pubmed"
"emily","","simons","emily simons","f","pubmed"
"sheldon","","singh","sheldon singh","m","pubmed"
"hardeep","","singh","hardeep singh","m","pubmed"
"peter","","sinnaeve","peter sinnaeve","m","pubmed"
"george","","siontis","george siontis","m","pubmed"
"ilke","","sipahi","ilke sipahi","m","pubmed"
"sergio","","siragusa","sergio siragusa","m","pubmed"
"brenda","","sirovich","brenda sirovich","f","pubmed"
"jane","","sisk","jane sisk","f","pubmed"
"stephen","","sisson","stephen sisson","m","pubmed"
"håvard","ove","skjerven","håvard ove skjerven","m","pubmed"
"rebeccah","","slater","rebeccah slater","f","pubmed"
"pauline","","slottje","pauline slottje","f","pubmed"
"kersten","","small","kersten small","f","pubmed"
"bruce","","smith"," bruce smith","m","pubmed"
"alexander","","smith","alexander smith","m","pubmed"
"stevens","","smith","stevens smith","m","pubmed"
"craig","","smith","craig smith","m","pubmed"
"rebecca","","smith-bindman","rebecca smith-bindman","f","pubmed"
"crystal","","smith-spangler","crystal smith-spangler","f","pubmed"
"kim","","smolderen","kim smolderen","f","pubmed"
"jordan","","smoller","jordan smoller","m","pubmed"
"alan","","smyth","alan smyth","m","pubmed"
"soham","","al snih","soham al snih","f","pubmed"
"matthew","","solomon","matthew solomon","m","pubmed"
"daniel","","solomon","daniel solomon","m","pubmed"
"henrik","toft","sørensen","henrik toft sørensen","m","pubmed"
"rikke","","sørensen","rikke sørensen","f","pubmed"
"maryfran","","sowers","maryfran sowers","f","pubmed"
"pierre","","amarenco","pierre amarenco","m","pubmed"
"benjamin","","speich","benjamin speich","m","pubmed"
"frederick","","spencer","frederick spencer","m","pubmed"
"joann","","sperl-hillen","joann sperl-hillen","f","pubmed"
"paul","","spiegel","paul spiegel","m","pubmed"
"gregory","","albers","gregory albers","m","pubmed"
"paul","","stallard","paul stallard","m","pubmed"
"melinda","","stanley","melinda stanley","f","pubmed"
"anke","","steckelberg","anke steckelberg","f","pubmed"
"norbert","","stefan","norbert stefan","m","pubmed"
"marcia","","stefanick","marcia stefanick","f","pubmed"
"philippe","gabriel","steg","philippe gabriel steg","m","pubmed"
"paul","","stein","paul stein","m","pubmed"
"gerhard","","steinbeck","gerhard steinbeck","m","pubmed"
"michael","","steinman","michael steinman","m","pubmed"
"henry","thomas","stelfox","henry thomas stelfox","m","pubmed"
"ulf","","stenestrand","ulf stenestrand","m","pubmed"
"william","","stenson","william stenson","m","pubmed"
"iain","","stephenson","iain stephenson","m","pubmed"
"kathleen","","stergiopoulos","kathleen stergiopoulos","f","pubmed"
"timothy","","sterling","timothy sterling","m","pubmed"
"michael","","stern","michael stern","m","pubmed"
"scott","","stevens","scott stevens","m","pubmed"
"adam","","steventon","adam steventon","m","pubmed"
"scott","","stewart","scott stewart","m","pubmed"
"chad","","stickrath","chad stickrath","m","pubmed"
"ian","","stiell","ian stiell","m","pubmed"
"karen","","stockl","karen stockl","f","pubmed"
"tim","","stokes","tim stokes","m","pubmed"
"rachael","","stolzenberg-solomon","rachael stolzenberg-solomon","f","pubmed"
"gregg","","stone","gregg stone","m","pubmed"
"katherine","","stothard","katherine stothard","f","pubmed"
"saverio","","stranges","saverio stranges","m","pubmed"
"sabine","","straus","sabine straus","f","pubmed"
"pasquale","","striano","pasquale striano","m","pubmed"
"thea","","strieder","thea strieder","f","pubmed"
"alison","","stuebe","alison stuebe","f","pubmed"
"til","","stürmer","til stürmer","m","pubmed"
"pedro","","suárez","pedro suárez","m","pubmed"
"sachin","","sud","sachin sud","m","pubmed"
"sebastian","","suerbaum","sebastian suerbaum","m","pubmed"
"mark","","sullivan","mark sullivan","m","pubmed"
"catherine","","sullivan","catherine sullivan","f","pubmed"
"anne","","sumner","anne sumner","f","pubmed"
"qi","","sun","qi sun","m","pubmed"
"shyam","","sundar","shyam sundar","m","pubmed"
"joseph","","sung","joseph sung","m","pubmed"
"pål","","surén","pål surén","m","pubmed"
"rakesh","","suri","rakesh suri","m","pubmed"
"nanthia","","suthana","nanthia suthana","f","pubmed"
"kim","","sutton-tyrrell","kim sutton-tyrrell","f","pubmed"
"henrik","","svanström","henrik svanström","m","pubmed"
"gary","","swan","gary swan","m","pubmed"
"philippe","","szapary","philippe szapary","m","pubmed"
"harry","","tagbor","harry tagbor","m","pubmed"
"taha","","taha","taha taha","m","pubmed"
"philippa","","talmud","philippa talmud","f","pubmed"
"robyn","","tamblyn","robyn tamblyn","f","pubmed"
"martin","","tammemagi"," martin tammemagi","m","pubmed"
"masahiro","","tanaka","masahiro tanaka","m","pubmed"
"ning","","tang","ning tang","f","pubmed"
"navdeep","","tangri","navdeep tangri","m","pubmed"
"richard","","tannen","richard tannen","m","pubmed"
"cara","","tannenbaum","cara tannenbaum","f","pubmed"
"catherine","","tansey","catherine tansey","f","pubmed"
"carolyn","","tarrant","carolyn tarrant","f","pubmed"
"donald","","tashkin","donald tashkin","m","pubmed"
"deborah","","tate","deborah tate","f","pubmed"
"angelo","","taveira-dasilva","angelo taveira-dasilva","m","pubmed"
"kathryn","","taylor","kathryn taylor","f","pubmed"
"paris","","tekkis","paris tekkis","m","pubmed"
"milena","gurgel","teles","milena gurgel teles","f","pubmed"
"marije","","ten wolde","marije ten wolde","f","pubmed"
"joan","","teno","joan teno","f","pubmed"
"gunnar","","tepe","gunnar tepe","m","pubmed"
"teruhiko","","terasawa","teruhiko terasawa","m","pubmed"
"kathryn","","terry","kathryn terry","f","pubmed"
"george","","thanassoulis","george thanassoulis","m","pubmed"
"sudhin","","thayyil","sudhin thayyil","m","pubmed"
"chloe","","thio","chloe thio","f","pubmed"
"randal","","thomas","randal thomas","m","pubmed"
"matthew","","thompson","matthew thompson","m","pubmed"
"reimar","","thomsen","reimar thomsen","m","pubmed"
"mette","","thomsen","mette thomsen","f","pubmed"
"jeffrey","","tice","jeffrey tice","m","pubmed"
"justin","","timbie","justin timbie","m","pubmed"
"mary","","tinetti","mary tinetti","f","pubmed"
"henry","","ting","henry ting","m","pubmed"
"amir","","tirosh","amir tirosh","m","pubmed"
"sengwee","","toh","sengwee toh","m","pubmed"
"wietse","","tol","wietse tol","m","pubmed"
"cecilia","","tomassini","cecilia tomassini","f","pubmed"
"eric","","topol","eric topol","m","pubmed"
"anna","","tosteson","anna tosteson","f","pubmed"
"amytis","","towfighi","amytis towfighi","f","pubmed"
"anne","","townsend","anne townsend","f","pubmed"
"antonia","","trichopoulou","antonia trichopoulou","f","pubmed"
"elizabeth","","tronstein","elizabeth tronstein","f","pubmed"
"bourdin","","trunz"," bourdin trunz","f","pubmed"
"thomas","","tsai","thomas tsai","m","pubmed"
"chin-lin","","tseng","chin-lin tseng","m","pubmed"
"judith","","tsui","judith tsui","f","pubmed"
"roderick","","tung","roderick tung","m","pubmed"
"ruth","","tuomala","ruth tuomala","f","pubmed"
"lindsay","","turnbull","lindsay turnbull","f","pubmed"
"charles","","turner","charles turner","m","pubmed"
"barbara","","turner","barbara turner","f","pubmed"
"ioanna","","tzoulaki","ioanna tzoulaki","f","pubmed"
"kanji","","uchida","kanji uchida","m","pubmed"
"edward","","uchio","edward uchio","m","pubmed"
"andré","","uitterlinden","andré uitterlinden","m","pubmed"
"jürgen","","unützer","jürgen unützer","m","pubmed"
"ashish","","upadhyay","ashish upadhyay","m","pubmed"
"daniel","","uslan","daniel uslan","m","pubmed"
"olalekan","","uthman","olalekan uthman","m","pubmed"
"viola","","vaccarino","viola vaccarino","f","pubmed"
"anjana","","vaidya","anjana vaidya","f","pubmed"
"nestor","","vain","nestor vain","m","pubmed"
"dino","","vaira","dino vaira","m","pubmed"
"margarite","","vale","margarite vale","f","pubmed"
"juan","","valle","juan valle","m","pubmed"
"sophie","","valleix","sophie valleix","f","pubmed"
"willemien","","van de water","willemien van de water","f","pubmed"
"ingrid","","van den broek","ingrid van den broek","f","pubmed"
"ann","","van den bruel","ann van den bruel","f","pubmed"
"wilbert","","van den hout","wilbert van den hout","m","pubmed"
"paul","","van der linden","paul van der linden","m","pubmed"
"jenny","","van der steen","jenny van der steen","f","pubmed"
"merel","","van maarle","merel van maarle","f","pubmed"
"wouter","","van marken lichtenbelt","wouter van marken lichtenbelt","m","pubmed"
"marco","","van strijen","marco van strijen","m","pubmed"
"carl","","van walraven","carl van walraven","m","pubmed"
"mark","","vander lugt","mark vander lugt","m","pubmed"
"mark","","vanderpump","mark vanderpump","m","pubmed"
"ramachandran","","vasan","ramachandran vasan","m","pubmed"
"despoina","","vasilakou","despoina vasilakou","f","pubmed"
"robert","","vassallo","robert vassallo","m","pubmed"
"talitha","","verhoef","talitha verhoef","f","pubmed"
"yury","","verlinsky","yury verlinsky","m","pubmed"
"marcel","","verweij","marcel verweij","m","pubmed"
"timo","","vesikari","timo vesikari","m","pubmed"
"mogens","","vestergaard","mogens vestergaard","m","pubmed"
"andrew","","vickers","andrew vickers","m","pubmed"
"ronald","","victor","ronald victor","m","pubmed"
"maría","","vidán","maría vidán","f","pubmed"
"dennis","","villareal","dennis villareal","m","pubmed"
"ajeet","","vinayak","ajeet vinayak","m","pubmed"
"sébastien","","vincendeau","sébastien vincendeau","m","pubmed"
