"patrick","","ercole","patrick ercole","m","wos"
"abdul","","sultan","abdul sultan","m","wos"
"marc","","fontecave","marc fontecave","m","wos"
"liming","","zhang","liming zhang","m","wos"
"hellmut","","eckert","hellmut eckert","m","wos"
"karl","","stapelfeldt","karl stapelfeldt","m","wos"
"dezheng","","huo","dezheng huo","m","wos"
"philipp","","vana","philipp vana","m","wos"
"barry","","moore","barry moore","m","wos"
"helmut","","wieczorek","helmut wieczorek","m","wos"
"james","","knowles","james knowles","m","wos"
"hugh","","lavery","hugh lavery","m","wos"
"louis","","ederington","louis ederington","m","wos"
"yoshihisa","","kubota","yoshihisa kubota","m","wos"
"massimo","","gurioli","massimo gurioli","m","wos"
"boyko","","atanassov","boyko atanassov","m","wos"
"john","","seubert","john seubert","m","wos"
"mohamed","","shaaban","mohamed shaaban","m","wos"
"sean","","cleary","sean cleary","m","wos"
"yves","","gueguen","yves gueguen","m","wos"
"gil","ho","kim","gil ho kim","m","wos"
"zhipeng","","li","zhipeng li","m","wos"
"xiangfeng","","duan","xiangfeng duan","m","wos"
"eiichi","","araki","eiichi araki","m","wos"
"benjamin","","valdez","benjamin valdez","m","wos"
"jonathan","","maletic","jonathan maletic","m","wos"
"kerim","","kiymac","kerim kiymac","m","wos"
"taizo","","nakamori","taizo nakamori","m","wos"
"rashid","","ansumana","rashid ansumana","m","wos"
"diansheng","","liu","diansheng liu","m","wos"
"geofrey","","de visscher","geofrey de visscher","m","wos"
"diego","","miotto","diego miotto","m","wos"
"darrell","","sleep","darrell sleep","m","wos"
"ruslan","","minyaev","ruslan minyaev","m","wos"
"david","","smith","david smith","m","wos"
"christopher","","lant","christopher lant","m","wos"
"martin","","goldman","martin goldman","m","wos"
"jonathan","","shaw","jonathan shaw","m","wos"
"ichiro","","tayasu","ichiro tayasu","m","wos"
"gregory","","udell","gregory udell","m","wos"
"oliver","","adam","oliver adam","m","wos"
"muhammad","saeed","wagan","muhammad saeed wagan","m","wos"
"hiroaki","","setoguchi","hiroaki setoguchi","m","wos"
"wolfgang","","raab","wolfgang raab","m","wos"
"philip","","mirkes","philip mirkes","m","wos"
"aharon","","gedanken","aharon gedanken","m","wos"
"darren","","hamilton","darren hamilton","m","wos"
"jin","tao","wang","jin tao wang","m","wos"
"henry","","leung","henry leung","m","wos"
"albert","","daxer","albert daxer","m","wos"
"tamas","","mallat","tamas mallat","m","wos"
"per","","pfeiffer","per pfeiffer","m","wos"
"ran","","lv","ran lv","m","wos"
"boyu","","chen","boyu chen","m","wos"
"george","davey","smith","george davey smith","m","wos"
"bin","","zhao","bin zhao","m","wos"
"daniel","","bowron","daniel bowron","m","wos"
"jordi","","bover","jordi bover","m","wos"
"andras","","perczel","andras perczel","m","wos"
"keith","","milsom","keith milsom","m","wos"
"haitao","","liu","haitao liu","m","wos"
"gary","","christopher","gary christopher","m","wos"
"vincent","","artero","vincent artero","m","wos"
"miguel","","angel arrabal-polo","miguel angel arrabal-polo","m","wos"
"tibor","","van welsem","tibor van welsem","m","wos"
"jose","","borrell","jose borrell","m","wos"
"jian","","zhang","jian zhang","m","wos"
"robert","","moritz","robert moritz","m","wos"
"terence","","leung","terence leung","m","wos"
"gerard","","hofland","gerard hofland","m","wos"
"mansoor","","keyanpour-rad","mansoor keyanpour-rad","m","wos"
"german","","bollero","german bollero","m","wos"
"chiu","on","ng","chiu on ng","m","wos"
"david","","evans","david evans","m","wos"
"hiroyuki","","itabe","hiroyuki itabe","m","wos"
"zdenek","","both","zdenek both","m","wos"
"mark","","levine","mark levine","m","wos"
"costantino","","di carlo","costantino di carlo","m","wos"
"ivan","","jabin","ivan jabin","m","wos"
"christopher","","tallman","christopher tallman","m","wos"
"marcel","","verbeek","marcel verbeek","m","wos"
"zhihua","","liu","zhihua liu","m","wos"
"ulysses","","sallum","ulysses sallum","m","wos"
"scott","","watson","scott watson","m","wos"
"nathan","","siladke","nathan siladke","m","wos"
"jianfeng","","xu","jianfeng xu","m","wos"
"brent","","amberger","brent amberger","m","wos"
"matthew","","taylor","matthew taylor","m","wos"
"koji","","abe","koji abe","m","wos"
"yves","","perel","yves perel","m","wos"
"kazuhiro","","noda","kazuhiro noda","m","wos"
"radu","","ignat","radu ignat","m","wos"
"wim","","waetjen","wim waetjen","m","wos"
"marco","","ferrari","marco ferrari","m","wos"
"dale","","todicheeney-mannes","dale todicheeney-mannes","m","wos"
"philippe","","coulombe","philippe coulombe","m","wos"
"syed","","rahman","syed rahman","m","wos"
"tony","","lobianco","tony lobianco","m","wos"
"alan","","stewart","alan stewart","m","wos"
"rajiv","","kumar","rajiv kumar","m","wos"
"peter","","hunter","peter hunter","m","wos"
"yuji","","kajiyama","yuji kajiyama","m","wos"
"markus","","huss","markus huss","m","wos"
"hong","","zhou","hong zhou","m","wos"
"mustafa","","ozdogan","mustafa ozdogan","m","wos"
"juan","","baeza","juan baeza","m","wos"
"reza","","oladi","reza oladi","m","wos"
"fredrik","","warnberg","fredrik warnberg","m","wos"
"tommy","","ahlgren","tommy ahlgren","m","wos"
"daniel","","jackson","daniel jackson","m","wos"
"bruno","","le rue","bruno le rue","m","wos"
"paul","","lampe","paul lampe","m","wos"
"ian","","van der linde","ian van der linde","m","wos"
"rifat","","hadziselimovic","rifat hadziselimovic","m","wos"
"vicente","","maestro","vicente maestro","m","wos"
"owen","","mccarty","owen mccarty","m","wos"
"jess","","snedeker","jess snedeker","m","wos"
"andras","","gruber","andras gruber","m","wos"
"david","","sobek","david sobek","m","wos"
"pedro","","garces","pedro garces","m","wos"
"bjoern","","schuller","bjoern schuller","m","wos"
"gerardo","","hernandez","gerardo hernandez","m","wos"
"paul","","amyotte","paul amyotte","m","wos"
"changliang","","zhu","changliang zhu","m","wos"
"pedro","","cuesta","pedro cuesta","m","wos"
"antonio","","teran-vargas","antonio teran-vargas","m","wos"
"donald","","hilvert","donald hilvert","m","wos"
"leonardo","","marchini","leonardo marchini","m","wos"
"richard","","oleschuk","richard oleschuk","m","wos"
"jeffrey","","klausner","jeffrey klausner","m","wos"
"john","","sanders","john sanders","m","wos"
"sang","kyu","ye","sang kyu ye","m","wos"
"pramod","","borse","pramod borse","m","wos"
"alexandru","","tiba","alexandru tiba","m","wos"
"tetsuro","","kataoka","tetsuro kataoka","m","wos"
"ang","","li","ang li","m","wos"
"norio","","ishida","norio ishida","m","wos"
"david","","chae","david chae","m","wos"
"ritesh","","kumar","ritesh kumar","m","wos"
"hans","","heinzer","hans heinzer","m","wos"
"guillermo","","minguez espallargas","guillermo minguez espallargas","m","wos"
"vikrant","","singh","vikrant singh","m","wos"
"mark","","beaumont","mark beaumont","m","wos"
"ryan","","rhodes","ryan rhodes","m","wos"
"amitesh","","maiti","amitesh maiti","m","wos"
"sang","won","yeo","sang won yeo","m","wos"
"nathan","","lindquist","nathan lindquist","m","wos"
"shin'ichi","","nojiri","shin'ichi nojiri","m","wos"
"charles","","thomas","charles thomas","m","wos"
"florian","","lang","florian lang","m","wos"
"hamid","reza","khavasi","hamid reza khavasi","m","wos"
"mark","","simmons","mark simmons","m","wos"
"graeme","","eisenhofer","graeme eisenhofer","m","wos"
"neeraj","","visen","neeraj visen","m","wos"
"ken","","krauss","ken krauss","m","wos"
"claude","","sirlin","claude sirlin","m","wos"
"yu","","peng","yu peng","m","wos"
"per","","seglen","per seglen","m","wos"
"ronald","","mckay","ronald mckay","m","wos"
"claudiu","","supuran","claudiu supuran","m","wos"
"daniel","","kattnig","daniel kattnig","m","wos"
"yoshihisa","","yamamoto","yoshihisa yamamoto","m","wos"
"benjamin","","haas","benjamin haas","m","wos"
"aroldo","","camargos","aroldo camargos","m","wos"
"antoine","","merand","antoine merand","m","wos"
"alain","","sand-zantman","alain sand-zantman","m","wos"
"takanori","","yamaguchi","takanori yamaguchi","m","wos"
"toma","","glasnov","toma glasnov","m","wos"
"antonio","","rodolfo","antonio rodolfo","m","wos"
"somchai","","thongtem","somchai thongtem","m","wos"
"gregory","","payne","gregory payne","m","wos"
"joachim","","pohlenz","joachim pohlenz","m","wos"
"yves","andre","bureau","yves andre bureau","m","wos"
"george","","church","george church","m","wos"
"rajat","","varma","rajat varma","m","wos"
"hailong","","zhou","hailong zhou","m","wos"
"mohammad","","tehranipoor","mohammad tehranipoor","m","wos"
"martin","","allan","martin allan","m","wos"
"fabio","","tardella","fabio tardella","m","wos"
"hasan","tahsin","gozdas","hasan tahsin gozdas","m","wos"
"pieter","","dijkstra","pieter dijkstra","m","wos"
"ziad","","salameh","ziad salameh","m","wos"
"arjan","","durresi","arjan durresi","m","wos"
"samuel","","saunders","samuel saunders","m","wos"
"daniel","","grossman","daniel grossman","m","wos"
"graham","","stewart","graham stewart","m","wos"
"bryan","","eger","bryan eger","m","wos"
"gerhard","","buchbauer","gerhard buchbauer","m","wos"
"johan","","sundberg","johan sundberg","m","wos"
"dimitrios","","kyriakidis","dimitrios kyriakidis","m","wos"
"henri","","brunengraber","henri brunengraber","m","wos"
"wolfgang","","buermann","wolfgang buermann","m","wos"
"andreu","","cabot","andreu cabot","m","wos"
"michael","","diamond","michael diamond","m","wos"
"edward","","o'brien","edward o'brien","m","wos"
"bertrand","","godeau","bertrand godeau","m","wos"
"wei","dong","zhang","wei dong zhang","m","wos"
"guoqiang","","yu","guoqiang yu","m","wos"
"charles","","ascher-walsh","charles ascher-walsh","m","wos"
"sang","hyun","oh","sang hyun oh","m","wos"
"christophe","","coupeau","christophe coupeau","m","wos"
"dominic","","simon","dominic simon","m","wos"
"albert","","picado","albert picado","m","wos"
"richard","","norman","richard norman","m","wos"
"sanjeevan","","pasupati","sanjeevan pasupati","m","wos"
"li","ming","su","li ming su","m","wos"
"hans","joachim","ruscheweyh","hans joachim ruscheweyh","m","wos"
"min","","jiang","min jiang","m","wos"
"christopher","","whiteley","christopher whiteley","m","wos"
"aleksander","","sieron","aleksander sieron","m","wos"
"david","henry","jimmy","david henry jimmy","m","wos"
"yaodong","","zhao","yaodong zhao","m","wos"
"bo","","li","bo li","m","wos"
"vadim","","makarov","vadim makarov","m","wos"
"xue","jun","liu","xue jun liu","m","wos"
"charles","","pelizzari","charles pelizzari","m","wos"
"ravinder","kumar","kohli","ravinder kumar kohli","m","wos"
"michael","","krouse","michael krouse","m","wos"
"frederic","","bois","frederic bois","m","wos"
"ricardo","","matute","ricardo matute","m","wos"
"carmine","","nappi","carmine nappi","m","wos"
"florian","","weigend","florian weigend","m","wos"
"dirk","","de vos","dirk de vos","m","wos"
"ken","ichi","fujita","ken ichi fujita","m","wos"
"david","","carroll","david carroll","m","wos"
"adam","","sonabend","adam sonabend","m","wos"
"claudio","","ponticelli","claudio ponticelli","m","wos"
"marco","","locatelli","marco locatelli","m","wos"
"craig","","abel","craig abel","m","wos"
"hasan","","demirkoparan","hasan demirkoparan","m","wos"
"arthur","","leung","arthur leung","m","wos"
"alan","","garny","alan garny","m","wos"
"michael","","liang","michael liang","m","wos"
"jeffrey","","munson","jeffrey munson","m","wos"
"john","","carrino","john carrino","m","wos"
"leonard","","gomella","leonard gomella","m","wos"
"shiv","","gautam","shiv gautam","m","wos"
"matija","","tomsic","matija tomsic","m","wos"
"francisco","","aranda","francisco aranda","m","wos"
"rajkumar","","ganesan","rajkumar ganesan","m","wos"
"salih","","sanlioglu","salih sanlioglu","m","wos"
"jerome","","ritz","jerome ritz","m","wos"
"david","","sanchez-garcia","david sanchez-garcia","m","wos"
"eric","","rosero","eric rosero","m","wos"
"emad","","ahmed","emad ahmed","m","wos"
"bin","","cui","bin cui","m","wos"
"michael","","schnall-levin","michael schnall-levin","m","wos"
"james","","meador-woodruff","james meador-woodruff","m","wos"
"philipp","","muigg","philipp muigg","m","wos"
"ercole","","cavalieri","ercole cavalieri","m","wos"
"geon","ho","choe","geon ho choe","m","wos"
"young","tae","kim","young tae kim","m","wos"
"jose","carlos","netto-ferreira","jose carlos netto-ferreira","m","wos"
"noedir","antonio","groppo stolf","noedir antonio groppo stolf","m","wos"
"hisashi","","kajiura","hisashi kajiura","m","wos"
"horst","","hahn","horst hahn","m","wos"
"franz","","petermann","franz petermann","m","wos"
"michael","","ittmann","michael ittmann","m","wos"
"miguel","","clemente-leon","miguel clemente-leon","m","wos"
"ian","","mohr","ian mohr","m","wos"
"michael","","price","michael price","m","wos"
"trygve","","tollefsbol","trygve tollefsbol","m","wos"
"daniel","","savic","daniel savic","m","wos"
"bilal","","al-nawas","bilal al-nawas","m","wos"
"jens","","bukh","jens bukh","m","wos"
"andrew","","smith","andrew smith","m","wos"
"seong","heum","park","seong heum park","m","wos"
"wei","liang","sun","wei liang sun","m","wos"
"roger","","merkle","roger merkle","m","wos"
"lawrence","","burgart","lawrence burgart","m","wos"
"bo","","yan","bo yan","m","wos"
"nilesh","","thumar","nilesh thumar","m","wos"
"federico","","aulenta","federico aulenta","m","wos"
"ryan","","bulson","ryan bulson","m","wos"
"jeremy","","pena","jeremy pena","m","wos"
"graeme","","bell","graeme bell","m","wos"
"todd","","arnold","todd arnold","m","wos"
"vadim","","korkhov","vadim korkhov","m","wos"
"jaume","","llibre","jaume llibre","m","wos"
"giuseppe","","dalfino","giuseppe dalfino","m","wos"
"gregory","","voth","gregory voth","m","wos"
"gil","","arvatz","gil arvatz","m","wos"
"henning","","cammann","henning cammann","m","wos"
"gonzalo","","angulo","gonzalo angulo","m","wos"
"michael","","guggenheim","michael guggenheim","m","wos"
"yoshifumi","","takeda","yoshifumi takeda","m","wos"
"jean","","fleischman","jean fleischman","f","wos"
"ronit","","agid","ronit agid","f","wos"
"tracy","","gunter","tracy gunter","f","wos"
"lynn","","rosenberg","lynn rosenberg","f","wos"
"britt","maria","beckmann","britt maria beckmann","f","wos"
"alexis","","armour","alexis armour","f","wos"
"tracy","","chaplin","tracy chaplin","f","wos"
"minh","","huynh","minh huynh","f","wos"
"tracey","","fiedler","tracey fiedler","f","wos"
"bobbie","","farsides","bobbie farsides","f","wos"
"kim","","cuddington","kim cuddington","f","wos"
"kim","","van der linde","kim van der linde","f","wos"
"jie","jin","wang","jie jin wang","f","wos"
"kelley","","sookraj","kelley sookraj","f","wos"
"adrian","","dobs","adrian dobs","m","wos"
"tracey","","young","tracey young","f","wos"
"kelly","","l'engle","kelly l'engle","f","wos"
"lesley","","yellowlees","lesley yellowlees","f","wos"
"dominique","","massey-harroche","dominique massey-harroche","f","wos"
"marion","","alliet","marion alliet","f","wos"
"robin","","mcleod","robin mcleod","f","wos"
"alexis","","martinez","alexis martinez","f","wos"
"marion","","haas","marion haas","f","wos"
"courtney","","sheen","courtney sheen","f","wos"
"antonia","","neels","antonia neels","f","wos"
"jaime","","patera","jaime patera","f","wos"
"jan","","crowley","jan crowley","f","wos"
"shashi","prabha","dubey","shashi prabha dubey","f","wos"
"lesley","","breech","lesley breech","f","wos"
"lesley","","king","lesley king","f","wos"
"jean","","carlson","jean carlson","f","wos"
"youn","kyung","lim","youn kyung lim","f","wos"
"rene","","veikondis","rene veikondis","f","wos"
"jin","sook","yoon","jin sook yoon","f","wos"
"marion","","lanier","marion lanier","f","wos"
"kelly","","dunham","kelly dunham","f","wos"
"jamie","","voyles","jamie voyles","f","wos"
"aubrey","","kelly","aubrey kelly","f","wos"
"lee","mei","yap","lee mei yap","f","wos"
"lynn","","morris","lynn morris","f","wos"
"courtney","","abrams","courtney abrams","f","wos"
"dana","","sturtevant","dana sturtevant","f","wos"
"kim","","radda","kim radda","f","wos"
"nishita","","kothary","nishita kothary","f","wos"
"marty","","zdichavsky","marty zdichavsky","f","wos"
"kelly","","crosthwaite","kelly crosthwaite","f","wos"
"stacy","","caillier","stacy caillier","f","wos"
"raja","","luthra","raja luthra","f","wos"
"leslie","","muldoon","leslie muldoon","f","wos"
"kerry","","mciver","kerry mciver","f","wos"
"courtney","","mcknight","courtney mcknight","f","wos"
"sydney","","hans","sydney hans","f","wos"
"rosario","","garcia gimenez","rosario garcia gimenez","f","wos"
"kim","phuong","vu","kim phuong vu","f","wos"
"sri","devi","narasimhan","sri devi narasimhan","f","wos"
"jean","","vance","jean vance","f","wos"
"tracey","","edwards","tracey edwards","f","wos"
"cong","xiao","wang","cong xiao wang","f","wos"
"chang","hyun","kim","chang hyun kim","f","wos"
"tracy","","brewer","tracy brewer","f","wos"
"robin","","patel","robin patel","f","wos"
"michal","","ayalon-sofer","michal ayalon-sofer","f","wos"
"leslie","","rosado","leslie rosado","f","wos"
"lindsey","","anderson","lindsey anderson","f","wos"
"val","","harpin","val harpin","f","wos"
"rejane","mansur","nogueira","rejane mansur nogueira","f","wos"
"lesley","","smith","lesley smith","f","wos"
"shelby","","reinstein","shelby reinstein","f","wos"
"guadalupe","","corral","guadalupe corral","f","wos"
"leslie","","dodd","leslie dodd","f","wos"
"youn","soo","kim","youn soo kim","f","wos"
"tracey","","bucknall","tracey bucknall","f","wos"
"shannon","","lupien","shannon lupien","f","wos"
"marion","","damm","marion damm","f","wos"
"taciana","marco","ferraz caneppele","taciana marco ferraz caneppele","f","wos"
"stacy","","loeb","stacy loeb","f","wos"
"anu","","aluoja","anu aluoja","f","wos"
"kerry","","ettridge","kerry ettridge","f","wos"
"dominique","","costagliola","dominique costagliola","f","wos"
"lesley","","arnold","lesley arnold","f","wos"
"whitney","","wenger","whitney wenger","f","wos"
"neelam","","pushker","neelam pushker","f","wos"
"chris","","yeager","chris yeager","f","wos"
"jamie","","l'heureux","jamie l'heureux","f","wos"
"jean","","moran","jean moran","f","wos"
"kim","butts","pauly","kim butts pauly","f","wos"
"kelly","","arbour-nicitopoulos","kelly arbour-nicitopoulos","f","wos"
"dominique","","weis","dominique weis","f","wos"
"stacy","","trey","stacy trey","f","wos"
"gwenael","","vourc'h","gwenael vourc'h","f","wos"
"leslie","","leinwand","leslie leinwand","f","wos"
"kim","","baldridge","kim baldridge","f","wos"
"ollie","","gonzalez-james","ollie gonzalez-james","f","wos"
"jamie","","hurcom","jamie hurcom","f","wos"
"anu","","mikkonen","anu mikkonen","f","wos"
"robin","","keister","robin keister","f","wos"
"kelly","","cosgrove","kelly cosgrove","f","wos"
"chris","brown","mahoney","chris brown mahoney","f","wos"
"jean","","gilmour","jean gilmour","f","wos"
"antonia","maria","das gracas lopes cito","antonia maria das gracas lopes cito","f","wos"
"kim","","cornish","kim cornish","f","wos"
"lyubov","","burlakova","lyubov burlakova","f","wos"
"leslie","","baumann","leslie baumann","f","wos"
"jung","eun","lee","jung eun lee","f","wos"
"lesley","","miller","lesley miller","f","wos"
"lynn","","steinbrenner","lynn steinbrenner","f","wos"
"tristan","","cren","tristan cren","m","wos"
"kim","","hopper","kim hopper","m","wos"
"semyon","","rubinchik","semyon rubinchik","m","wos"
"adrian","","mindel","adrian mindel","m","wos"
"rene","","verhoef","rene verhoef","m","wos"
"jean","pierre","despres","jean pierre despres","m","wos"
"abdulla","","gori","abdulla gori","m","wos"
"juergen","","groeneveld","juergen groeneveld","m","wos"
"juergen","","roedel","juergen roedel","m","wos"
"noel","","clarke","noel clarke","m","wos"
"michel","","krempf","michel krempf","m","wos"
"makoto","","kanzaki","makoto kanzaki","m","wos"
"jean","louis","morel","jean louis morel","m","wos"
"shai","","friedland","shai friedland","m","wos"
"jean","pierre","routy","jean pierre routy","m","wos"
"christian","","naus","christian naus","m","wos"
"freddie","","fu","freddie fu","m","wos"
"jan","","friedrich","jan friedrich","m","wos"
"christian","","oker-blom","christian oker-blom","m","wos"
"adrian","","cookson","adrian cookson","m","wos"
"ali","esref","mueezzinoglu","ali esref mueezzinoglu","m","wos"
"adrian","","harris","adrian harris","m","wos"
"blair","","schoene","blair schoene","m","wos"
"guenther","","ladurner","guenther ladurner","m","wos"
"michal","","hocek","michal hocek","m","wos"
"ali","","alshami","ali alshami","m","wos"
"mitsuru","","akashi","mitsuru akashi","m","wos"
"kei","","shimoda","kei shimoda","m","wos"
"yong","tark","jeon","yong tark jeon","m","wos"
"young","tae","chang","young tae chang","m","wos"
"shawn","","askew","shawn askew","m","wos"
"doron","","norman","doron norman","m","wos"
"jan","","staessen","jan staessen","m","wos"
"juergen","","caro","juergen caro","m","wos"
"ki","chang","keum","ki chang keum","m","wos"
"jean","philippe","pin","jean philippe pin","m","wos"
"terry","","barrett","terry barrett","m","wos"
"michel","","gagner","michel gagner","m","wos"
"jan","erik","svensson","jan erik svensson","m","wos"
"robin","","jessop","robin jessop","m","wos"
"michal","","arabski","michal arabski","m","wos"
"jean","louis","kraus","jean louis kraus","m","wos"
"christian","","cunningham","christian cunningham","m","wos"
"makoto","","inoue","makoto inoue","m","wos"
"terry","","nolan","terry nolan","m","wos"
"jamie","","hunt","jamie hunt","m","wos"
"jean","luc","deschanvres","jean luc deschanvres","m","wos"
"jean","leon","thomas","jean leon thomas","m","wos"
"juergen","","braun","juergen braun","m","wos"
"shun","lien","chuang","shun lien chuang","m","wos"
"jean","daniel","fekete","jean daniel fekete","m","wos"
"chi","wing","fu","chi wing fu","m","wos"
"jean","francois","marier","jean francois marier","m","wos"
"akira","","kikuchi","akira kikuchi","m","wos"
"dominique","","dardevet","dominique dardevet","m","wos"
"noel","","codella","noel codella","m","wos"
"dominique","","mayaki","dominique mayaki","m","wos"
"jean","pierre","clement","jean pierre clement","m","wos"
"rene","","van de molengraft","rene van de molengraft","m","wos"
"juergen","","kuhlmann","juergen kuhlmann","m","wos"
"jean","francois","mercier","jean francois mercier","m","wos"
"michal","","sojka","michal sojka","m","wos"
"loren","","joseph","loren joseph","m","wos"
"cary","","roseth","cary roseth","m","wos"
"hong","kee","kim","hong kee kim","m","wos"
"young","jo","kim","young jo kim","m","wos"
"alper","","dogan","alper dogan","m","wos"
"jean","marc","tadie","jean marc tadie","m","wos"
"doron","","holland","doron holland","m","wos"
"casey","","meakin","casey meakin","m","wos"
"jan","hendrik","hooijberg","jan hendrik hooijberg","m","wos"
"jan","ingvar","jonsson","jan ingvar jonsson","m","wos"
"akira","","yoshioka","akira yoshioka","m","wos"
"akira","","sasaki","akira sasaki","m","wos"
"adrian","","yap","adrian yap","m","wos"
"shaheen","","al-muhtaseb","shaheen al-muhtaseb","m","wos"
"rene","","st-arnaud","rene st-arnaud","m","wos"
"jan","","grutters","jan grutters","m","wos"
"adrian","","wong","adrian wong","m","wos"
"adrian","","roitberg","adrian roitberg","m","wos"
"masa","","tsuchiya","masa tsuchiya","m","wos"
"alexis","","aspee","alexis aspee","m","wos"
"kelly","","foote","kelly foote","m","wos"
"young","don","choi","young don choi","m","wos"
"jean","baptiste","michel","jean baptiste michel","m","wos"
"ali","","sayed","ali sayed","m","wos"
"adrian","","james","adrian james","m","wos"
"jan","","buitelaar","jan buitelaar","m","wos"
"hae","ryong","song","hae ryong song","m","wos"
"juergen","","kirschner","juergen kirschner","m","wos"
"cary","","coglianese","cary coglianese","m","wos"
"blair","","jobe","blair jobe","m","wos"
"juergen","","czarske","juergen czarske","m","wos"
"theo","","goosen","theo goosen","m","wos"
"shawn","","applegarth","shawn applegarth","m","wos"
"michel","","loreau","michel loreau","m","wos"
"makoto","","igarashi","makoto igarashi","m","wos"
"sashi","","kommu","sashi kommu","m","wos"
"zia","","yamayee","zia yamayee","m","wos"
"juergen","","brinkmeyer","juergen brinkmeyer","m","wos"
"ertan","","mayatepek","ertan mayatepek","m","wos"
"jan","","smeitink","jan smeitink","m","wos"
"adrian","","finch","adrian finch","m","wos"
"dana","","brooks","dana brooks","m","wos"
"akira","","kondo","akira kondo","m","wos"
"adrian","","meedeniya","adrian meedeniya","m","wos"
"makoto","","bonkobara","makoto bonkobara","m","wos"
