"mihails","","hazans","mihails hazans","m","wos"
"qianghu","","wang","qianghu wang","m","wos"
"hulusi","","kececi","hulusi kececi","m","wos"
"shiuan","","chen","shiuan chen","m","wos"
"oluwafemi","","kuti","oluwafemi kuti","m","wos"
"ayfer","","pazarbasi","ayfer pazarbasi","f","wos"
"laudino","","lopez","laudino lopez","m","wos"
"mans","","magnusson","mans magnusson","m","wos"
"jianji","","pan","jianji pan","m","wos"
"sjoerd","","harder","sjoerd harder","m","wos"
"sanghyeon","","yoon","sanghyeon yoon","m","wos"
"venkateshwarlu","","jetti","venkateshwarlu jetti","m","wos"
"jesko","","verhey","jesko verhey","m","wos"
"jeyavijayan","","rajendran","jeyavijayan rajendran","m","wos"
"xindao","","yin","xindao yin","m","wos"
"yazhong","","lin","yazhong lin","m","wos"
"eyob","","zere","eyob zere","m","wos"
"kiyouhisa","","ohnishi","kiyouhisa ohnishi","m","wos"
"lynden","","archer","lynden archer","m","wos"
"shoukat","","dedhar","shoukat dedhar","m","wos"
"sixtus","","hynie","sixtus hynie","m","wos"
"kausik","","ghosh","kausik ghosh","m","wos"
"mulin","","hu","mulin hu","m","wos"
"wolfhard","","moeller","wolfhard moeller","m","wos"
"seog","joo","kim","seog joo kim","m","wos"
"furu","","zhan","furu zhan","m","wos"
"muhittin","","dinc","muhittin dinc","m","wos"
"yazhong","","xiao","yazhong xiao","m","wos"
"ainelly","","veerendhar","ainelly veerendhar","m","wos"
"cihangir","","erem","cihangir erem","m","wos"
"fanhong","","wu","fanhong wu","m","wos"
"sameh","saad","ali","sameh saad ali","m","wos"
"yuen","","tan","yuen tan","m","wos"
"arnulf","","stenzl","arnulf stenzl","m","wos"
"kenzaburo","","tani","kenzaburo tani","m","wos"
"keiichirou","","takahashi","keiichirou takahashi","m","wos"
"seokhyun","","yoon","seokhyun yoon","m","wos"
"kittiphong","","huangrak","kittiphong huangrak","m","wos"
"tugrul","","inanc","tugrul inanc","m","wos"
"cihan","cem","gurbuz","cihan cem gurbuz","m","wos"
"ardawan","","rastan","ardawan rastan","m","wos"
"gaobiao","","xiao","gaobiao xiao","m","wos"
"garcia","","guillaume","garcia guillaume","m","wos"
"fakhrulrozi","","hussain","fakhrulrozi hussain","m","wos"
"keelara","","abiraj","keelara abiraj","m","wos"
"hwancheol","","son","hwancheol son","m","wos"
"jorim","sousa","das virgens filho","jorim sousa das virgens filho","m","wos"
"takeaki","","miyamoto","takeaki miyamoto","m","wos"
"shaochuang","","wang","shaochuang wang","m","wos"
"dinshaw","","patel","dinshaw patel","m","wos"
"banwarilal","","sarkar","banwarilal sarkar","m","wos"
"hwan","you","chang","hwan you chang","m","wos"
"rabin","","banerjee","rabin banerjee","m","wos"
"adri","","van duin","adri van duin","m","wos"
"chakradhari","","sharan","chakradhari sharan","m","wos"
"toon","","coenen","toon coenen","m","wos"
"wenyun","","lu","wenyun lu","m","wos"
"vahram","","haroutunian","vahram haroutunian","m","wos"
"cor","","claeys","cor claeys","m","wos"
"sangphil","","park","sangphil park","m","wos"
"hisamichi","","kimura","hisamichi kimura","m","wos"
"xuzhao","","li","xuzhao li","m","wos"
"dorry","","segev","dorry segev","m","wos"
"choon","hua","thng","choon hua thng","m","wos"
"woel","kyu","ha","woel kyu ha","m","wos"
"won","tae","kwon","won tae kwon","m","wos"
"anuvat","","sirivat","anuvat sirivat","m","wos"
"tamerlan","","saidov","tamerlan saidov","m","wos"
"ding","ming","wang","ding ming wang","m","wos"
"kristiaan","","helsen","kristiaan helsen","m","wos"
"taimin","","noh","taimin noh","m","wos"
"joydeep","","chowdhury","joydeep chowdhury","m","wos"
"yohsuke","","takahashi","yohsuke takahashi","m","wos"
"maen","","hammad","maen hammad","m","wos"
"tsutom","","hiura","tsutom hiura","m","wos"
"mansoo","","ro","mansoo ro","m","wos"
"hang","rae","kim","hang rae kim","m","wos"
"natsuki","","matsumoto","natsuki matsumoto","m","wos"
"debendra","","mohapatra","debendra mohapatra","m","wos"
"joerg","","schlaak","joerg schlaak","m","wos"
"krishnananda","","chattopadhyay","krishnananda chattopadhyay","m","wos"
"falko","","markulin","falko markulin","m","wos"
"tadahiko","","mae","tadahiko mae","m","wos"
"vitezslav","","dostal","vitezslav dostal","m","wos"
"filipp","","furche","filipp furche","m","wos"
"eyas","","hattab","eyas hattab","m","wos"
"congjun","","wu","congjun wu","m","wos"
"shing","shun","to","shing shun to","m","wos"
"sachio","","horiuchi","sachio horiuchi","m","wos"
"augusciak","duma","aleksandra","augusciak duma aleksandra","m","wos"
"ofir","","turel","ofir turel","m","wos"
"motoyoshi","","yamano","motoyoshi yamano","m","wos"
"vasileios","","panoulas","vasileios panoulas","m","wos"
"reinier","","cozijn","reinier cozijn","m","wos"
"adalstein","","brown","adalstein brown","m","wos"
"sali","","lv","sali lv","m","wos"
"mubasher","","jamil","mubasher jamil","m","wos"
"munetoshi","","sakai","munetoshi sakai","m","wos"
"munidasa","","winslow","munidasa winslow","m","wos"
"shahab","","shahnazari","shahab shahnazari","m","wos"
"rajib","","chowdhury","rajib chowdhury","m","wos"
"miltiadis","","tsilimbaris","miltiadis tsilimbaris","m","wos"
"yasutsugu","","nagamoto","yasutsugu nagamoto","m","wos"
"aristomenis","","exadaktylos","aristomenis exadaktylos","m","wos"
"taishin","","nomura","taishin nomura","m","wos"
"mihhail","","lotman","mihhail lotman","m","wos"
"sok","kyu","lee","sok kyu lee","m","wos"
"abdolvahab","","alborzi","abdolvahab alborzi","m","wos"
"umadas","","maitra","umadas maitra","m","wos"
"thandavarayan","","ramamurthy","thandavarayan ramamurthy","m","wos"
"tatsuhisa","","kato","tatsuhisa kato","m","wos"
"jyrki","","heino","jyrki heino","m","wos"
"tetsurou","","handa","tetsurou handa","m","wos"
"ik","jin","kim","ik jin kim","m","wos"
"hanzhuang","","zhang","hanzhuang zhang","m","wos"
"fumito","","aranami","fumito aranami","m","wos"
"berend","","snijder","berend snijder","m","wos"
"zainal","","salam","zainal salam","m","wos"
"jeyakumar","","subbaroyan","jeyakumar subbaroyan","m","wos"
"pandurang","","chouthaiwale","pandurang chouthaiwale","m","wos"
"ventsislav","","valev","ventsislav valev","m","wos"
"freimar","","segura-sanchez","freimar segura-sanchez","m","wos"
"peddy","","vishweshwar","peddy vishweshwar","m","wos"
"loannis","","papadoyannis","loannis papadoyannis","m","wos"
"sehyug","","kwon","sehyug kwon","m","wos"
"rubik","","asatryan","rubik asatryan","m","wos"
"lain","","collings","lain collings","m","wos"
"boon","chye","ching","boon chye ching","m","wos"
"oladosu","","ojengbede","oladosu ojengbede","m","wos"
"donatus","","ekwueme","donatus ekwueme","m","wos"
"santi","","nonell","santi nonell","m","wos"
"fatos","","xhafa","fatos xhafa","m","wos"
"hakki","","acar","hakki acar","m","wos"
"ofir","","arad","ofir arad","m","wos"
"theocharis","","apostolatos","theocharis apostolatos","m","wos"
"rijo","","hayashi","rijo hayashi","m","wos"
"teppei","","morikawa","teppei morikawa","m","wos"
"mengji","","lu","mengji lu","m","wos"
"setsuo","","ooi","setsuo ooi","m","wos"
"bennis","","youssef","bennis youssef","m","wos"
"jichen","","xu","jichen xu","m","wos"
"tiedong","","wang","tiedong wang","m","wos"
"ilhyong","","ryu","ilhyong ryu","m","wos"
"reiji","","fujimaki","reiji fujimaki","m","wos"
"arlan","","richardson","arlan richardson","m","wos"
"pepijn","","de vries","pepijn de vries","m","wos"
"fenge","","li","fenge li","m","wos"
"zhang","wei","song","zhang wei song","m","wos"
"zafar","","ahsan","zafar ahsan","m","wos"
"vishwakarma","","singh","vishwakarma singh","m","wos"
"syuma","","yasuzuka","syuma yasuzuka","m","wos"
"devendar","","rao","devendar rao","m","wos"
"yuntian","","shen","yuntian shen","m","wos"
"jiaqian","","qin","jiaqian qin","m","wos"
"jaeman","","han","jaeman han","m","wos"
"hyungsoon","","im","hyungsoon im","m","wos"
"yoshinosuke","","usuki","yoshinosuke usuki","m","wos"
"ercument","","dirice","ercument dirice","m","wos"
"dzmitry","","hlushkou","dzmitry hlushkou","m","wos"
"perikles","","simon","perikles simon","m","wos"
"reiji","","kumai","reiji kumai","m","wos"
"wing","leong","teo","wing leong teo","m","wos"
"taeseup","","song","taeseup song","m","wos"
"tiberiu","","seceleanu","tiberiu seceleanu","m","wos"
"mait","","lang","mait lang","m","wos"
"jianji","","wang","jianji wang","m","wos"
"soufien","","dhouib","soufien dhouib","m","wos"
"behrouz","","notash","behrouz notash","m","wos"
"terrill","","hanson","terrill hanson","m","wos"
"sape","","kinderman","sape kinderman","m","wos"
"dismand","","houinato","dismand houinato","m","wos"
"ashesh","","jani","ashesh jani","m","wos"
"climent","","molins","climent molins","m","wos"
"jaehyung","","park","jaehyung park","m","wos"
"chick","","wilson","chick wilson","m","wos"
"rempei","","kuwahara","rempei kuwahara","m","wos"
"kiyotake","","ichizuka","kiyotake ichizuka","m","wos"
"yurij","","mozharivskyj","yurij mozharivskyj","m","wos"
"gurdyal","","besra","gurdyal besra","m","wos"
"nor","eddine","sounni","nor eddine sounni","m","wos"
"hangnoh","","lee","hangnoh lee","m","wos"
"avneesh","","chhabra","avneesh chhabra","m","wos"
"noriki","","terada","noriki terada","m","wos"
"hoang","viet","nguyen","hoang viet nguyen","m","wos"
"chilla","malla","reddy","chilla malla reddy","m","wos"
"marnik","","dekimpe","marnik dekimpe","m","wos"
"magdy","","hassouna","magdy hassouna","m","wos"
"raikko","","kivekas","raikko kivekas","m","wos"
"tilman","","schildhauer","tilman schildhauer","m","wos"
"ramakanth","","pagadala","ramakanth pagadala","m","wos"
"hideomi","","koinuma","hideomi koinuma","m","wos"
"joell","","solan","joell solan","m","wos"
"anisur","","rahman","anisur rahman","m","wos"
"kunche","","aravindu","kunche aravindu","m","wos"
"kyu","hwang","yeon","kyu hwang yeon","m","wos"
"zissimos","","mourelatos","zissimos mourelatos","m","wos"
"motoyoshi","","oda","motoyoshi oda","m","wos"
"sikora","","jerzy","sikora jerzy","m","wos"
"agusti","","lledos","agusti lledos","m","wos"
"seung","","kim","seung kim","m","wos"
"maurici","","lopez-jorda","maurici lopez-jorda","m","wos"
"yign","","noh","yign noh","m","wos"
"jonghwa","","shin","jonghwa shin","m","wos"
"deevi","","basavaiah","deevi basavaiah","m","wos"
"artemios","","bosabalidis","artemios bosabalidis","m","wos"
"hyung","joun","yoo","hyung joun yoo","m","wos"
"asish","","mukhopadhyay","asish mukhopadhyay","m","wos"
"misop","","han","misop han","m","wos"
"supachok","","sinchaikul","supachok sinchaikul","m","wos"
"turhan","","caskurlu","turhan caskurlu","m","wos"
"hongkee","","sah","hongkee sah","m","wos"
"vijayananda","","nagaraj","vijayananda nagaraj","m","wos"
"soumyo","","roy","soumyo roy","m","wos"
"junkichi","","yokoyama","junkichi yokoyama","m","wos"
"daibang","","nie","daibang nie","m","wos"
"chuanshu","","huang","chuanshu huang","m","wos"
"sangkyune","","kim","sangkyune kim","m","wos"
"norichika","","ushioda","norichika ushioda","m","wos"
"thorsten","","grams","thorsten grams","m","wos"
"nobuhide","","fujitake","nobuhide fujitake","m","wos"
"maoz","","fine","maoz fine","m","wos"
"goji","","hasegawa","goji hasegawa","m","wos"
"caghan","","demirci","caghan demirci","m","wos"
"rajaram","","dangi","rajaram dangi","m","wos"
"yungtai","","lo","yungtai lo","m","wos"
"fanhui","","meng","fanhui meng","m","wos"
"nagy","","mekhail","nagy mekhail","m","wos"
"pavadai","","elumalai","pavadai elumalai","m","wos"
"jayaprakash","","khanderi","jayaprakash khanderi","m","wos"
"zhongmao","","guo","zhongmao guo","m","wos"
"woon","khiong","chan","woon khiong chan","m","wos"
"fragiskos","","kolisis","fragiskos kolisis","m","wos"
"kiumars","","bahrami","kiumars bahrami","m","wos"
"kosmas","","stafilas","kosmas stafilas","m","wos"
"hayao","","kobayashi","hayao kobayashi","m","wos"
"mohd","","bilal","mohd bilal","m","wos"
"tiancen","","hu","tiancen hu","m","wos"
"whitlow","","au","whitlow au","m","wos"
"shaji","","kumar","shaji kumar","m","wos"
"arnulf","","rosspeintner","arnulf rosspeintner","m","wos"
"setsuo","","mitsuda","setsuo mitsuda","m","wos"
"servet","","celik","servet celik","m","wos"
"cenk","","gurbuz","cenk gurbuz","m","wos"
"yositaka","","obara","yositaka obara","m","wos"
"pornchai","","rachtanapun","pornchai rachtanapun","m","wos"
"costin","","antonescu","costin antonescu","m","wos"
"sangiliyandi","","gurunathan","sangiliyandi gurunathan","m","wos"
"tetsuaki","","fujihara","tetsuaki fujihara","m","wos"
"shaker","","mousa","shaker mousa","m","wos"
"aristophanis","","pallikaris","aristophanis pallikaris","m","wos"
"wuzhou","","wang","wuzhou wang","m","wos"
"vilmundur","","gudnason","vilmundur gudnason","m","wos"
"navindra","","seeram","navindra seeram","m","wos"
"tawat","","taesotikul","tawat taesotikul","m","wos"
"katsutaka","","oishi","katsutaka oishi","m","wos"
"hamada","","ahmed","hamada ahmed","m","wos"
"hoong","","lim","hoong lim","m","wos"
"artit","","ridluan","artit ridluan","m","wos"
"jeonggi","","kim","jeonggi kim","m","wos"
"joerg","","schneider","joerg schneider","m","wos"
"xueni","","zhao","xueni zhao","m","wos"
"hyun","myung","jang","hyun myung jang","m","wos"
"dries","","torbeyns","dries torbeyns","m","wos"
"gaudenzio","","meneghesso","gaudenzio meneghesso","m","wos"
"wadood","","hamad","wadood hamad","m","wos"
"ederson","","nascimento","ederson nascimento","m","wos"
"jeong","gu","lee","jeong gu lee","m","wos"
"matts","","linder","matts linder","m","wos"
"hyun","gyoo","shin","hyun gyoo shin","m","wos"
"jubin","","jose","jubin jose","m","wos"
"sanjib","","gogoi","sanjib gogoi","m","wos"
"seyed","abbas","shojaosadati","seyed abbas shojaosadati","m","wos"
"myeong","ok","kim","myeong ok kim","m","wos"
"wietse","","de boer","wietse de boer","m","wos"
"tiebing","","liu","tiebing liu","m","wos"
"tonu","","lukk","tonu lukk","m","wos"
"arta","","monjazeb","arta monjazeb","m","wos"
"minqi","","li","minqi li","m","wos"
"natkunam","","ketheesan","natkunam ketheesan","m","wos"
"hirotake","","ishii","hirotake ishii","m","wos"
"kassab","","mohamed","kassab mohamed","m","wos"
"roumen","","zlatev","roumen zlatev","m","wos"
"schuyler","","korban","schuyler korban","m","wos"
"ferda","","senel","ferda senel","m","wos"
"keisho","","kataoka","keisho kataoka","m","wos"
"ferderic","","wrobel","ferderic wrobel","m","wos"
"hyunjoon","","song","hyunjoon song","m","wos"
"aeilko","","zwinderman","aeilko zwinderman","m","wos"
"boon","hian","loo","boon hian loo","m","wos"
"wenyuan","","zhu","wenyuan zhu","m","wos"
"sanin","","haveric","sanin haveric","m","wos"
"en","tang","kang","en tang kang","m","wos"
"wonhoon","","lee","wonhoon lee","m","wos"
"kyu","tek","park","kyu tek park","m","wos"
"kaku","","tsuruzoe","kaku tsuruzoe","m","wos"
"surjith","","vottath","surjith vottath","m","wos"
"rhiju","","das","rhiju das","m","wos"
"minjoon","","park","minjoon park","m","wos"
"chorng","haur","sow","chorng haur sow","m","wos"
"ariff","","bongso","ariff bongso","m","wos"
"payman","","moallem","payman moallem","m","wos"
"shokei","","kim-mitsuyama","shokei kim-mitsuyama","m","wos"
"shigeomi","","chono","shigeomi chono","m","wos"
"faruque","","ahmed","faruque ahmed","m","wos"
"tatsuaki","","nakanishi","tatsuaki nakanishi","m","wos"
"diwakar","","dinesh","diwakar dinesh","m","wos"
"olman","","quiros madrigal","olman quiros madrigal","m","wos"
"fumiki","","yoshihara","fumiki yoshihara","m","wos"
"debraj","","nath","debraj nath","m","wos"
"yingjia","","shen","yingjia shen","m","wos"
"nihat","","kalay","nihat kalay","m","wos"
"yacin","","ameur","yacin ameur","m","wos"
"sze","ki","luk","sze ki luk","m","wos"
"leeor","","kronik","leeor kronik","m","wos"
"dogan","","demirhan","dogan demirhan","m","wos"
"sangik","","moon","sangik moon","m","wos"
"anukorn","","phuruangrat","anukorn phuruangrat","m","wos"
"rumin","","yang","rumin yang","m","wos"
"dries","","dobbelaere","dries dobbelaere","m","wos"
"edson","hyidu","mizobutsi","edson hyidu mizobutsi","m","wos"
"mehedi","","masud","mehedi masud","m","wos"
"yasuro","","kadono","yasuro kadono","m","wos"
"jee","hian","tan","jee hian tan","m","wos"
"sasidhar","","varanasi","sasidhar varanasi","m","wos"
"teiji","","sota","teiji sota","m","wos"
"morie","","gertz","morie gertz","m","wos"
"robb","","brumfield","robb brumfield","m","wos"
"emilios","","pakos","emilios pakos","m","wos"
"fereydoun","","hormozdiari","fereydoun hormozdiari","m","wos"
"giorgos","","metsios","giorgos metsios","m","wos"
"gijsbertus","","de with","gijsbertus de with","m","wos"
"ruoting","","yang","ruoting yang","m","wos"
"mingang","","ying","mingang ying","m","wos"
"kutay","","cakiroglu","kutay cakiroglu","m","wos"
"rogers","","leonard","rogers leonard","m","wos"
"atsuhiko","","shinmyo","atsuhiko shinmyo","m","wos"
"umaru","","bangura","umaru bangura","m","wos"
"ausencio","","azuara-dominguez","ausencio azuara-dominguez","m","wos"
"kinya","","nagata","kinya nagata","m","wos"
"abebaw","","jemere","abebaw jemere","m","wos"
"qingli","","cheng","qingli cheng","m","wos"
"haralampos","","milionis","haralampos milionis","m","wos"
"sicheng","","li","sicheng li","m","wos"
"vlastimil","","dohnal","vlastimil dohnal","m","wos"
"tai","hyoung","cho","tai hyoung cho","m","wos"
"ivano","","bertini","ivano bertini","m","wos"
"yukihide","","tomari","yukihide tomari","m","wos"
"pongsak","","holimchayachotikul","pongsak holimchayachotikul","m","wos"
"rasim","","ceylantekin","rasim ceylantekin","m","wos"
"lello","","zolla","lello zolla","m","wos"
"arin","","tomruk","arin tomruk","m","wos"
"jibitesh","","dutta","jibitesh dutta","m","wos"
"leiv","","sandvik","leiv sandvik","m","wos"
"dalei","","wu","dalei wu","m","wos"
"suk","in","noh","suk in noh","m","wos"
"mariastella","","colomba","mariastella colomba","f","wos"
"paari","","murugan","paari murugan","m","wos"
"younho","","jung","younho jung","m","wos"
"zen","","kouchi","zen kouchi","m","wos"
"arumugam","","sudalai","arumugam sudalai","m","wos"
"vamik","","volkan","vamik volkan","m","wos"
"hann","chorng","kuo","hann chorng kuo","m","wos"
"kyung","sub","kim","kyung sub kim","m","wos"
"mitsuhisa","","sato","mitsuhisa sato","m","wos"
"xiongzhi","","wu","xiongzhi wu","m","wos"
"tymish","","ohulchanskyy","tymish ohulchanskyy","m","wos"
"jong","hyeon","peck","jong hyeon peck","m","wos"
"temidayo","","ogundiran","temidayo ogundiran","m","wos"
"juseok","","hong","juseok hong","m","wos"
"tomotoshi","","marumoto","tomotoshi marumoto","m","wos"
"shirzad","","nasiri","shirzad nasiri","m","wos"
"maziar","","karamnejad","maziar karamnejad","m","wos"
"huapu","","pan","huapu pan","m","wos"
"danos","","christodoulou","danos christodoulou","m","wos"
"kasim","","bajrovic","kasim bajrovic","m","wos"
"kurinchi","selvan","gurusamy","kurinchi selvan gurusamy","m","wos"
"arnel","","ismail","arnel ismail","m","wos"
"clarke","","taylor","clarke taylor","m","wos"
"ranendu","","ghosh","ranendu ghosh","m","wos"
"bahaa","","malaeb","bahaa malaeb","m","wos"
"hyungkyu","","han","hyungkyu han","m","wos"
"jeong","zoo","lee","jeong zoo lee","m","wos"
"tejpal","","gupta","tejpal gupta","m","wos"
"refaul","","ferdous","refaul ferdous","m","wos"
"xiongwu","","kang","xiongwu kang","m","wos"
"nobutoshi","","kiba","nobutoshi kiba","m","wos"
"haiteng","","deng","haiteng deng","m","wos"
"diedrich","","schmidt","diedrich schmidt","m","wos"
"ceyhun","","bozkurt","ceyhun bozkurt","m","wos"
"juergen","","gerlach","juergen gerlach","m","wos"
"ebner","","azuara","ebner azuara","m","wos"
"yakai","","feng","yakai feng","m","wos"
"subenoy","","chakraborty","subenoy chakraborty","m","wos"
"magdi","","el-sayed","magdi el-sayed","m","wos"
"juri","","rappsilber","juri rappsilber","m","wos"
"setuko","","masunari","setuko masunari","m","wos"
"olcay","","hisar","olcay hisar","m","wos"
"otlis","","sampimon","otlis sampimon","m","wos"
"vinzent","","rolny","vinzent rolny","m","wos"
"osny","","ferreira junior","osny ferreira junior","m","wos"
"rockford","","draper","rockford draper","m","wos"
"tiit","","nilson","tiit nilson","m","wos"
"yakup","","kordan","yakup kordan","m","wos"
"dent","","earl","dent earl","m","wos"
"ertugrul","","gunturk","ertugrul gunturk","m","wos"
"onno","","kranenburg","onno kranenburg","m","wos"
"badugu","","devendar","badugu devendar","m","wos"
"abolfazl","(kouros)","mohammadian","abolfazl (kouros) mohammadian","m","wos"
"abdolrahman","","emamzadeh","abdolrahman emamzadeh","m","wos"
"ejiofor","","ezekwe","ejiofor ezekwe","m","wos"
"tooru","","atake","tooru atake","m","wos"
"celal","","kilic","celal kilic","m","wos"
"ik","hyun","cho","ik hyun cho","m","wos"
"mitsuhisa","","fujimaki","mitsuhisa fujimaki","m","wos"
"jingchi","","chen","jingchi chen","m","wos"
"mazyar","","ziyaeyan","mazyar ziyaeyan","m","wos"
"gibran","","hemani","gibran hemani","m","wos"
"keiju","","takahashi","keiju takahashi","m","wos"
"ephantus","","muturi","ephantus muturi","m","wos"
"biplab","","sanyal","biplab sanyal","m","wos"
"tadaaki","","ban-nai","tadaaki ban-nai","m","wos"
"selamettin","","demir","selamettin demir","m","wos"
"raksh","","jasra","raksh jasra","m","wos"
"jovonni","","spinner","jovonni spinner","m","wos"
"insu","","paek","insu paek","m","wos"
"aymn","","rashad","aymn rashad","m","wos"
"torahiko","","yamaguchi","torahiko yamaguchi","m","wos"
"nobutoshi","","morimoto","nobutoshi morimoto","m","wos"
"sungjin","","kim","sungjin kim","m","wos"
"abasali","","gheisari","abasali gheisari","m","wos"
"taofeek","","olabode","taofeek olabode","m","wos"
"bumsang","","kim","bumsang kim","m","wos"
"arend","","bonen","arend bonen","m","wos"
"weihe","","han","weihe han","m","wos"
"desirazu","","rao","desirazu rao","m","wos"
"teruki","","motohashi","teruki motohashi","m","wos"
"tianqiang","","song","tianqiang song","m","wos"
"firosh","","khan","firosh khan","m","wos"
"weerah","","wongkham","weerah wongkham","m","wos"
"shariff","","kabir","shariff kabir","m","wos"
"won","seung","cho","won seung cho","m","wos"
"honesto","","poblete","honesto poblete","m","wos"
"jacco","","van rheenen","jacco van rheenen","m","wos"
"jung","bong","kim","jung bong kim","m","wos"
"dries","","bonte","dries bonte","m","wos"
"maria","grazia","fumo","maria grazia fumo","f","wos"
"elida","nora","ferri","elida nora ferri","f","wos"
"elisabetta","","maiolini","elisabetta maiolini","f","wos"
"barbara","","shinn-cunningham","barbara shinn-cunningham","f","wos"
"senem","","erdogmus","senem erdogmus","f","wos"
"figen","","govsa","figen govsa","f","wos"
"petra","","schuster","petra schuster","f","wos"
"andrea","","servos","andrea servos","f","wos"
"melanie","","pedro-salcedo","melanie pedro-salcedo","f","wos"
"cara","","williams","cara williams","f","wos"
"martina","","tinzi","martina tinzi","f","wos"
"ayse","","demirkazik","ayse demirkazik","f","wos"
"geeta","","chacko","geeta chacko","f","wos"
"cecilia","","vergara","cecilia vergara","f","wos"
"lorena","","norambuena","lorena norambuena","f","wos"
"viviana","","ordenes","viviana ordenes","f","wos"
"anne","laure","jarnoux","anne laure jarnoux","f","wos"
"miyuki","","yano","miyuki yano","f","wos"
"padmaja","","mehta","padmaja mehta","f","wos"
"barbara","","bottazzi","barbara bottazzi","f","wos"
"laura","","scarchilli","laura scarchilli","f","wos"
"silvia","","vincenti","silvia vincenti","f","wos"
"eleonora","","nucera","eleonora nucera","f","wos"
"elvira","","rea","elvira rea","f","wos"
"anne","","straczek","anne straczek","f","wos"
"bingru","","huang","bingru huang","f","wos"
"faith","","belanger","faith belanger","f","wos"
"anabela","bernardes","da silva","anabela bernardes da silva","f","wos"
"susana","de","araujo","susana de araujo","f","wos"
"juliana","","ho","juliana ho","f","wos"
"karen","","page","karen page","f","wos"
"melissa","","bevard","melissa bevard","f","wos"
"elena","","galkina","elena galkina","f","wos"
"young","mi","park","young mi park","f","wos"
"joanne","","morrison","joanne morrison","f","wos"
"vivien","","mautner","vivien mautner","f","wos"
"silvia","helena","prado bettini","silvia helena prado bettini","f","wos"
"akane","","shigematsu","akane shigematsu","f","wos"
"yukari","","maruyama","yukari maruyama","f","wos"
"shengfang","","li","shengfang li","f","wos"
"richa","","srivastava","richa srivastava","f","wos"
"catherine","","connelly","catherine connelly","f","wos"
"carol","","moore","carol moore","f","wos"
"anne","","hudak","anne hudak","f","wos"
"francesca","","pistoia","francesca pistoia","f","wos"
"melissa","","barhoover","melissa barhoover","f","wos"
"paola","","torelli","paola torelli","f","wos"
"hsiu","fung","cheng","hsiu fung cheng","f","wos"
"nancy","","goldstein","nancy goldstein","f","wos"
"pamela","","jewett","pamela jewett","f","wos"
"elena","","ramirez","elena ramirez","f","wos"
"mina","","okochi","mina okochi","f","wos"
"eva","","heuberger","eva heuberger","f","wos"
"charlotte","","williams","charlotte williams","f","wos"
"anja","","jensen","anja jensen","f","wos"
"claudia","","martinez-anaya","claudia martinez-anaya","f","wos"
"megumi","","minamitani","megumi minamitani","f","wos"
